algorithm,category,nist_level,keygen_mean_ms,keygen_std_ms,sign_mean_ms,sign_std_ms,verify_mean_ms,verify_std_ms,public_key_bytes,private_key_bytes,signature_bytes,registration_gas,transaction_gas
ecdsa,Elliptic Curve (Classical),Classical,3.7013699984527193,13.350350432616747,1.430123333799808,0.5066464099678025,1.1435133341971475,0.12435613900731143,65,32,72,0,0
dilithium2,Lattice-based (ML-DSA),Level 2,14.194403334113304,31.984208507878176,6.659000000702993,1.4456290591154752,4.6451566663260255,0.5674940200246827,1312,2560,2420,903355,94431
dilithium3,Lattice-based (ML-DSA),Level 3,11.338916664923698,14.156100612172892,7.202520000282675,1.3142386425953292,3.7571400020776005,1.45621755742928,1952,4032,3309,691762,118211
dilithium5,Lattice-based (ML-DSA),Level 5,11.513810000906233,13.860097006997925,7.546666668592176,1.9221879664012753,3.905463332678967,0.5368104333842121,2592,4896,4627,810225,153169
sphincs128f,Hash-based (SLH-DSA),Level 1,231.95134666748345,18.599249029143035,2603.2157133338237,72.37833246387976,7.982516665651928,0.6613828477443785,64,128,29792,220972,828891
sphincs_fast,Hash-based (SLH-DSA),Level 3/5,28.246490000068057,19.172902725109502,279.00365666670643,2.002003267360589,12.259920001088176,0.5226693334297607,64,128,49856,38240,1374778
falcon512,Lattice-based (FALCON),Level 1,46.867853331787046,22.745860750358197,9.392799998749979,0.9550312486610774,3.9752433333584727,0.5290917687069672,897,1281,656,606928,47748
falcon1024,Lattice-based (FALCON),Level 5,102.51143999921624,31.314926575512597,9.530236667584784,0.28599467500871695,4.034186662950864,0.727861353852294,1793,2305,1273,787765,64116
